date,title,sentiment_score,sentiment,confidence,source
2026-01-27,Future of AI looks bright,0.35,,,
2026-01-27,Regulation debates for AI,0.0,,,
2026-01-27,AI in schools discussed,0.0,,,
2026-01-26,New robots powered by AI,0.14,,,
2026-01-26,Future of AI looks bright,0.35,,,
2026-01-26,AI in schools discussed,0.0,,,
2026-01-25,AI breakthroughs in medicine,0.0,,,
2026-01-25,Concerns over AI privacy,0.0,,,
2026-01-25,New robots powered by AI,0.14,,,
2026-01-24,AI breakthroughs in medicine,0.0,,,
2026-01-24,New robots powered by AI,0.14,,,
2026-01-24,AI startup funding peaks,0.0,,,
2026-01-23,AI breakthroughs in medicine,0.0,,,
2026-01-23,Future of AI looks bright,0.35,,,
2026-01-23,AI in schools discussed,0.0,,,
2026-01-22,Regulation debates for AI,0.0,,,
2026-01-22,Concerns over AI privacy,0.0,,,
2026-01-22,AI in schools discussed,0.0,,,
2026-01-21,AI in schools discussed,0.0,,,
2026-01-21,AI startup funding peaks,0.0,,,
2026-01-21,AI breakthroughs in medicine,0.0,,,
2026-01-27,AI-Powered Disinformation Swarms Are Coming for Democracy,,Neutral,0.9813857674598694,Wired
2026-01-27,Games Workshop Rejects the Abominable Intelligence,,Neutral,0.9980352520942688,Gizmodo.com
2026-01-27,AI moves into the real world as companion robots and pets,,Neutral,0.9998825788497924,The Verge
2026-01-27,These 8 big deals defined the year in artificial intelligence,,Neutral,0.9996445178985596,Business Insider
2026-01-27,"At CES 2026, Everything Is AI. What Matters Is How You Use It",,Neutral,0.9991470575332642,Wired
2026-01-27,Aphoristic Intelligence Beats Artificial Intelligence,,Neutral,0.9249447584152222,The Atlantic
2026-01-27,Google Gemini’s ‘Personal Intelligence’ Pulls from Your Search and YouTube History,,Neutral,0.9993808269500732,Gizmodo.com
2026-01-27,The CEO of $2 billion AI training startup says that humans will stay involved in data creation for decades,,Neutral,0.9850769639015198,Business Insider
2026-01-27,The AI Power List,,Neutral,0.9263315200805664,Business Insider
2026-01-27,Apple strikes deal with Google's Gemini to power Siri's AI capabilities,,Positive,0.9802984595298768,Business Insider
2026-01-27,What Are the 2 Top Artificial Intelligence (AI) Stocks to Buy Right Now?,,Neutral,0.9985870122909546,Yahoo Entertainment
2026-01-27,This Stock Is Quietly Becoming a Cornerstone of the Artificial Intelligence Boom,,Neutral,0.9978132247924804,Yahoo Entertainment
2026-01-27,2 Artificial Intelligence Stocks to Buy in 2026 That Could Be Better Picks Than Nvidia,,Neutral,0.9993916749954224,Yahoo Entertainment
2026-01-27,Will 2026 Be the Year That the AI Industry Stops Crowing About ‘AGI’?,,Neutral,0.9996135830879213,Gizmodo.com
2026-01-27,Are We Ready to Be Governed by Artificial Intelligence?,,Neutral,0.9961144924163818,Merionwest.com
2026-01-27,British Police Used Microsoft Copilot for Faulty Report That Led to Ban on Soccer Team Fans,,Neutral,0.9991263747215272,Gizmodo.com
2026-01-27,OpenAI Partners with Major Government Contractor to ‘Transform Federal Operations’,,Neutral,0.9970705509185792,Gizmodo.com
2026-01-27,Prediction: 3 Popular Stocks Will Crash in 2026 When This Stock Market Bubble Bursts (Hint: Not Artificial Intelligence),,Neutral,0.9993913173675536,Yahoo Entertainment
2026-01-27,AI Luminaries Clash At Davos Over How Close Human-Level Intelligence Really Is,,Neutral,0.999904990196228,Slashdot.org
2026-01-27,Apple Taps Google Gemini to Give Siri an AI Glow-Up,,Neutral,0.994485080242157,Gizmodo.com
2026-01-28,Government by AI? Trump Admin Plans to Write Regulations Using Artificial Intelligence,,Neutral,0.9946807026863098,Gizmodo.com
2026-01-28,AI-Powered Disinformation Swarms Are Coming for Democracy,,Neutral,0.9813857674598694,Wired
2026-01-28,Games Workshop Rejects the Abominable Intelligence,,Neutral,0.9980352520942688,Gizmodo.com
2026-01-28,AI moves into the real world as companion robots and pets,,Neutral,0.9998825788497924,The Verge
2026-01-28,These 8 big deals defined the year in artificial intelligence,,Neutral,0.9996445178985596,Business Insider
2026-01-28,"At CES 2026, Everything Is AI. What Matters Is How You Use It",,Neutral,0.9991470575332642,Wired
2026-01-28,Google Gemini’s ‘Personal Intelligence’ Pulls from Your Search and YouTube History,,Neutral,0.9993808269500732,Gizmodo.com
2026-01-28,The CEO of $2 billion AI training startup says that humans will stay involved in data creation for decades,,Neutral,0.9850769639015198,Business Insider
2026-01-28,The AI Power List,,Neutral,0.9263315200805664,Business Insider
2026-01-28,Apple strikes deal with Google's Gemini to power Siri's AI capabilities,,Positive,0.9802984595298768,Business Insider
2026-01-28,What Are the 2 Top Artificial Intelligence (AI) Stocks to Buy Right Now?,,Neutral,0.9985870122909546,Yahoo Entertainment
2026-01-28,This Stock Is Quietly Becoming a Cornerstone of the Artificial Intelligence Boom,,Neutral,0.9978132247924804,Yahoo Entertainment
2026-01-28,2 Artificial Intelligence Stocks to Buy in 2026 That Could Be Better Picks Than Nvidia,,Neutral,0.9993916749954224,Yahoo Entertainment
2026-01-28,Will 2026 Be the Year That the AI Industry Stops Crowing About ‘AGI’?,,Neutral,0.9996135830879213,Gizmodo.com
2026-01-28,Are We Ready to Be Governed by Artificial Intelligence?,,Neutral,0.9961144924163818,Merionwest.com
2026-01-28,British Police Used Microsoft Copilot for Faulty Report That Led to Ban on Soccer Team Fans,,Neutral,0.9991263747215272,Gizmodo.com
2026-01-28,OpenAI Partners with Major Government Contractor to ‘Transform Federal Operations’,,Neutral,0.9970705509185792,Gizmodo.com
2026-01-28,Prediction: 3 Popular Stocks Will Crash in 2026 When This Stock Market Bubble Bursts (Hint: Not Artificial Intelligence),,Neutral,0.9993913173675536,Yahoo Entertainment
2026-01-28,AI Luminaries Clash At Davos Over How Close Human-Level Intelligence Really Is,,Neutral,0.999904990196228,Slashdot.org
2026-01-28,Apple Taps Google Gemini to Give Siri an AI Glow-Up,,Neutral,0.994485080242157,Gizmodo.com
2026-01-28,Government by AI? Trump Admin Plans to Write Regulations Using Artificial Intelligence,,Neutral,0.9946807026863098,Gizmodo.com
2026-01-28,AI-Powered Disinformation Swarms Are Coming for Democracy,,Neutral,0.9813857674598694,Wired
2026-01-28,Games Workshop Rejects the Abominable Intelligence,,Neutral,0.9980352520942688,Gizmodo.com
2026-01-28,AI moves into the real world as companion robots and pets,,Neutral,0.9998825788497924,The Verge
2026-01-28,These 8 big deals defined the year in artificial intelligence,,Neutral,0.9996445178985596,Business Insider
2026-01-28,"At CES 2026, Everything Is AI. What Matters Is How You Use It",,Neutral,0.9991470575332642,Wired
2026-01-28,Google Gemini’s ‘Personal Intelligence’ Pulls from Your Search and YouTube History,,Neutral,0.9993808269500732,Gizmodo.com
2026-01-28,The CEO of $2 billion AI training startup says that humans will stay involved in data creation for decades,,Neutral,0.9850769639015198,Business Insider
2026-01-28,The AI Power List,,Neutral,0.9263315200805664,Business Insider
2026-01-28,Apple strikes deal with Google's Gemini to power Siri's AI capabilities,,Positive,0.9802984595298768,Business Insider
2026-01-28,What Are the 2 Top Artificial Intelligence (AI) Stocks to Buy Right Now?,,Neutral,0.9985870122909546,Yahoo Entertainment
2026-01-28,This Stock Is Quietly Becoming a Cornerstone of the Artificial Intelligence Boom,,Neutral,0.9978132247924804,Yahoo Entertainment
2026-01-28,2 Artificial Intelligence Stocks to Buy in 2026 That Could Be Better Picks Than Nvidia,,Neutral,0.9993916749954224,Yahoo Entertainment
2026-01-28,Will 2026 Be the Year That the AI Industry Stops Crowing About ‘AGI’?,,Neutral,0.9996135830879213,Gizmodo.com
2026-01-28,Are We Ready to Be Governed by Artificial Intelligence?,,Neutral,0.9961144924163818,Merionwest.com
2026-01-28,British Police Used Microsoft Copilot for Faulty Report That Led to Ban on Soccer Team Fans,,Neutral,0.9991263747215272,Gizmodo.com
2026-01-28,OpenAI Partners with Major Government Contractor to ‘Transform Federal Operations’,,Neutral,0.9970705509185792,Gizmodo.com
2026-01-28,Prediction: 3 Popular Stocks Will Crash in 2026 When This Stock Market Bubble Bursts (Hint: Not Artificial Intelligence),,Neutral,0.9993913173675536,Yahoo Entertainment
2026-01-28,AI Luminaries Clash At Davos Over How Close Human-Level Intelligence Really Is,,Neutral,0.999904990196228,Slashdot.org
2026-01-28,Apple Taps Google Gemini to Give Siri an AI Glow-Up,,Neutral,0.994485080242157,Gizmodo.com
2026-01-29,Government by AI? Trump Admin Plans to Write Regulations Using Artificial Intelligence,,Neutral,0.9946807026863098,Gizmodo.com
2026-01-29,AI-Powered Disinformation Swarms Are Coming for Democracy,,Neutral,0.9813857674598694,Wired
2026-01-29,Games Workshop Rejects the Abominable Intelligence,,Neutral,0.9980352520942688,Gizmodo.com
2026-01-29,AI moves into the real world as companion robots and pets,,Neutral,0.9998825788497924,The Verge
2026-01-29,These 8 big deals defined the year in artificial intelligence,,Neutral,0.9996445178985596,Business Insider
2026-01-29,"At CES 2026, Everything Is AI. What Matters Is How You Use It",,Neutral,0.9991470575332642,Wired
2026-01-29,Google Gemini’s ‘Personal Intelligence’ Pulls from Your Search and YouTube History,,Neutral,0.9993808269500732,Gizmodo.com
2026-01-29,The CEO of $2 billion AI training startup says that humans will stay involved in data creation for decades,,Neutral,0.9850769639015198,Business Insider
2026-01-29,The AI Power List,,Neutral,0.9263315200805664,Business Insider
2026-01-29,Apple strikes deal with Google's Gemini to power Siri's AI capabilities,,Positive,0.9802984595298768,Business Insider
2026-01-29,What Are the 2 Top Artificial Intelligence (AI) Stocks to Buy Right Now?,,Neutral,0.9985870122909546,Yahoo Entertainment
2026-01-29,This Stock Is Quietly Becoming a Cornerstone of the Artificial Intelligence Boom,,Neutral,0.9978132247924804,Yahoo Entertainment
2026-01-29,2 Artificial Intelligence Stocks to Buy in 2026 That Could Be Better Picks Than Nvidia,,Neutral,0.9993916749954224,Yahoo Entertainment
2026-01-29,Will 2026 Be the Year That the AI Industry Stops Crowing About ‘AGI’?,,Neutral,0.9996135830879213,Gizmodo.com
2026-01-29,Taiwan is reworking its ground forces. It could unlock new ways of fighting with new tech.,,Positive,0.9999382495880128,Business Insider
2026-01-29,Are We Ready to Be Governed by Artificial Intelligence?,,Neutral,0.9961144924163818,Merionwest.com
2026-01-29,British Police Used Microsoft Copilot for Faulty Report That Led to Ban on Soccer Team Fans,,Neutral,0.9991263747215272,Gizmodo.com
2026-01-29,OpenAI Partners with Major Government Contractor to ‘Transform Federal Operations’,,Neutral,0.9970705509185792,Gizmodo.com
2026-01-29,Prediction: 3 Popular Stocks Will Crash in 2026 When This Stock Market Bubble Bursts (Hint: Not Artificial Intelligence),,Neutral,0.9993913173675536,Yahoo Entertainment
2026-01-29,AI Luminaries Clash At Davos Over How Close Human-Level Intelligence Really Is,,Neutral,0.999904990196228,Slashdot.org
2026-01-30,Government by AI? Trump Admin Plans to Write Regulations Using Artificial Intelligence,,Neutral,0.9946807026863098,Gizmodo.com
2026-01-30,AI-Powered Disinformation Swarms Are Coming for Democracy,,Neutral,0.9813857674598694,Wired
2026-01-30,Games Workshop Rejects the Abominable Intelligence,,Neutral,0.9980352520942688,Gizmodo.com
2026-01-30,AI moves into the real world as companion robots and pets,,Neutral,0.9998825788497924,The Verge
2026-01-30,These 8 big deals defined the year in artificial intelligence,,Neutral,0.9996445178985596,Business Insider
2026-01-30,"At CES 2026, Everything Is AI. What Matters Is How You Use It",,Neutral,0.9991470575332642,Wired
2026-01-30,Google Gemini’s ‘Personal Intelligence’ Pulls from Your Search and YouTube History,,Neutral,0.9993808269500732,Gizmodo.com
2026-01-30,The CEO of $2 billion AI training startup says that humans will stay involved in data creation for decades,,Neutral,0.9850769639015198,Business Insider
2026-01-30,Apple strikes deal with Google's Gemini to power Siri's AI capabilities,,Positive,0.9802984595298768,Business Insider
2026-01-30,The AI Power List,,Neutral,0.9263315200805664,Business Insider
2026-01-30,"The Top 3 Artificial Intelligence (AI) Chip Stocks to Buy With $50,000 in 2026",,Neutral,0.999525547027588,Yahoo Entertainment
2026-01-30,2 Artificial Intelligence Stocks to Buy in 2026 That Could Be Better Picks Than Nvidia,,Neutral,0.9993916749954224,Yahoo Entertainment
2026-01-30,This Stock Is Quietly Becoming a Cornerstone of the Artificial Intelligence Boom,,Neutral,0.9978132247924804,Yahoo Entertainment
2026-01-30,What Are the 2 Top Artificial Intelligence (AI) Stocks to Buy Right Now?,,Neutral,0.9985870122909546,Yahoo Entertainment
2026-01-30,Will 2026 Be the Year That the AI Industry Stops Crowing About ‘AGI’?,,Neutral,0.9996135830879213,Gizmodo.com
2026-01-30,"To keep AI out of her classroom, this high school English teacher went analog",,Neutral,0.9999456405639648,NPR
2026-01-30,Taiwan is reworking its ground forces. It could unlock new ways of fighting with new tech.,,Positive,0.9999382495880128,Business Insider
2026-01-30,Are We Ready to Be Governed by Artificial Intelligence?,,Neutral,0.9961144924163818,Merionwest.com
2026-01-30,British Police Used Microsoft Copilot for Faulty Report That Led to Ban on Soccer Team Fans,,Neutral,0.9991263747215272,Gizmodo.com
2026-01-30,Snap is turning its smart glasses team into its own company,,Neutral,0.9997908473014832,The Verge
2026-01-31,Government by AI? Trump Admin Plans to Write Regulations Using Artificial Intelligence,,Neutral,0.9946807026863098,Gizmodo.com
2026-01-31,AI-Powered Disinformation Swarms Are Coming for Democracy,,Neutral,0.9813857674598694,Wired
2026-01-31,Games Workshop Rejects the Abominable Intelligence,,Neutral,0.9980352520942688,Gizmodo.com
2026-01-31,AI moves into the real world as companion robots and pets,,Neutral,0.9998825788497924,The Verge
2026-01-31,These 8 big deals defined the year in artificial intelligence,,Neutral,0.9996445178985596,Business Insider
2026-01-31,"At CES 2026, Everything Is AI. What Matters Is How You Use It",,Neutral,0.9991470575332642,Wired
2026-01-31,Google Gemini’s ‘Personal Intelligence’ Pulls from Your Search and YouTube History,,Neutral,0.9993808269500732,Gizmodo.com
2026-01-31,The CEO of $2 billion AI training startup says that humans will stay involved in data creation for decades,,Neutral,0.9850769639015198,Business Insider
2026-01-31,The AI Power List,,Neutral,0.9263315200805664,Business Insider
2026-01-31,Apple strikes deal with Google's Gemini to power Siri's AI capabilities,,Positive,0.9802984595298768,Business Insider
2026-01-31,"The Top 3 Artificial Intelligence (AI) Chip Stocks to Buy With $50,000 in 2026",,Neutral,0.999525547027588,Yahoo Entertainment
2026-01-31,This Stock Is Quietly Becoming a Cornerstone of the Artificial Intelligence Boom,,Neutral,0.9978132247924804,Yahoo Entertainment
2026-01-31,What Are the 2 Top Artificial Intelligence (AI) Stocks to Buy Right Now?,,Neutral,0.9985870122909546,Yahoo Entertainment
2026-01-31,2 Artificial Intelligence Stocks to Buy in 2026 That Could Be Better Picks Than Nvidia,,Neutral,0.9993916749954224,Yahoo Entertainment
2026-01-31,Will 2026 Be the Year That the AI Industry Stops Crowing About ‘AGI’?,,Neutral,0.9996135830879213,Gizmodo.com
2026-01-31,"To keep AI out of her classroom, this high school English teacher went analog",,Neutral,0.9999456405639648,NPR
2026-01-31,Taiwan is reworking its ground forces. It could unlock new ways of fighting with new tech.,,Positive,0.9999382495880128,Business Insider
2026-01-31,British Police Used Microsoft Copilot for Faulty Report That Led to Ban on Soccer Team Fans,,Neutral,0.9991263747215272,Gizmodo.com
2026-01-31,Snap is turning its smart glasses team into its own company,,Neutral,0.9997908473014832,The Verge
2026-01-31,OpenAI Partners with Major Government Contractor to ‘Transform Federal Operations’,,Neutral,0.9970705509185792,Gizmodo.com
2026-02-01,Government by AI? Trump Admin Plans to Write Regulations Using Artificial Intelligence,,Neutral,0.9946807026863098,Gizmodo.com
2026-02-01,AI-Powered Disinformation Swarms Are Coming for Democracy,,Neutral,0.9813857674598694,Wired
2026-02-01,Games Workshop Rejects the Abominable Intelligence,,Neutral,0.9980352520942688,Gizmodo.com
2026-02-01,AI moves into the real world as companion robots and pets,,Neutral,0.9998825788497924,The Verge
2026-02-01,"At CES 2026, Everything Is AI. What Matters Is How You Use It",,Neutral,0.9991470575332642,Wired
2026-02-01,Google Gemini’s ‘Personal Intelligence’ Pulls from Your Search and YouTube History,,Neutral,0.9993808269500732,Gizmodo.com
2026-02-01,The CEO of $2 billion AI training startup says that humans will stay involved in data creation for decades,,Neutral,0.9850769639015198,Business Insider
2026-02-01,The AI Power List,,Neutral,0.9263315200805664,Business Insider
2026-02-01,Apple strikes deal with Google's Gemini to power Siri's AI capabilities,,Positive,0.9802984595298768,Business Insider
2026-02-01,"The Top 3 Artificial Intelligence (AI) Chip Stocks to Buy With $50,000 in 2026",,Neutral,0.999525547027588,Yahoo Entertainment
2026-02-01,2 Artificial Intelligence Stocks to Buy in 2026 That Could Be Better Picks Than Nvidia,,Neutral,0.9993916749954224,Yahoo Entertainment
2026-02-01,This Stock Is Quietly Becoming a Cornerstone of the Artificial Intelligence Boom,,Neutral,0.9978132247924804,Yahoo Entertainment
2026-02-01,Will 2026 Be the Year That the AI Industry Stops Crowing About ‘AGI’?,,Neutral,0.9996135830879213,Gizmodo.com
2026-02-01,"To keep AI out of her classroom, this high school English teacher went analog",,Neutral,0.9999456405639648,NPR
2026-02-01,Taiwan is reworking its ground forces. It could unlock new ways of fighting with new tech.,,Positive,0.9999382495880128,Business Insider
2026-02-01,British Police Used Microsoft Copilot for Faulty Report That Led to Ban on Soccer Team Fans,,Neutral,0.9991263747215272,Gizmodo.com
2026-02-01,Snap is turning its smart glasses team into its own company,,Neutral,0.9997908473014832,The Verge
2026-02-01,OpenAI Partners with Major Government Contractor to ‘Transform Federal Operations’,,Neutral,0.9970705509185792,Gizmodo.com
2026-02-01,Prediction: 3 Popular Stocks Will Crash in 2026 When This Stock Market Bubble Bursts (Hint: Not Artificial Intelligence),,Neutral,0.9993913173675536,Yahoo Entertainment
2026-02-01,AI Luminaries Clash At Davos Over How Close Human-Level Intelligence Really Is,,Neutral,0.999904990196228,Slashdot.org
2026-02-02,Government by AI? Trump Admin Plans to Write Regulations Using Artificial Intelligence,,Neutral,0.9946807026863098,Gizmodo.com
2026-02-02,AI-Powered Disinformation Swarms Are Coming for Democracy,,Neutral,0.9813857674598694,Wired
2026-02-02,Games Workshop Rejects the Abominable Intelligence,,Neutral,0.9980352520942688,Gizmodo.com
2026-02-02,AI moves into the real world as companion robots and pets,,Neutral,0.9998825788497924,The Verge
2026-02-02,"At CES 2026, Everything Is AI. What Matters Is How You Use It",,Neutral,0.9991470575332642,Wired
2026-02-02,Google Gemini’s ‘Personal Intelligence’ Pulls from Your Search and YouTube History,,Neutral,0.9993808269500732,Gizmodo.com
2026-02-02,The CEO of $2 billion AI training startup says that humans will stay involved in data creation for decades,,Neutral,0.9850769639015198,Business Insider
2026-02-02,The AI Power List,,Neutral,0.9263315200805664,Business Insider
2026-02-02,Apple strikes deal with Google's Gemini to power Siri's AI capabilities,,Positive,0.9802984595298768,Business Insider
2026-02-02,"The Top 3 Artificial Intelligence (AI) Chip Stocks to Buy With $50,000 in 2026",,Neutral,0.999525547027588,Yahoo Entertainment
2026-02-02,This Stock Is Quietly Becoming a Cornerstone of the Artificial Intelligence Boom,,Neutral,0.9978132247924804,Yahoo Entertainment
2026-02-02,2 Artificial Intelligence Stocks to Buy in 2026 That Could Be Better Picks Than Nvidia,,Neutral,0.9993916749954224,Yahoo Entertainment
2026-02-02,Will 2026 Be the Year That the AI Industry Stops Crowing About ‘AGI’?,,Neutral,0.9996135830879213,Gizmodo.com
2026-02-02,"To keep AI out of her classroom, this high school English teacher went analog",,Neutral,0.9999456405639648,NPR
2026-02-02,Taiwan is reworking its ground forces. It could unlock new ways of fighting with new tech.,,Positive,0.9999382495880128,Business Insider
2026-02-02,British Police Used Microsoft Copilot for Faulty Report That Led to Ban on Soccer Team Fans,,Neutral,0.9991263747215272,Gizmodo.com
2026-02-02,Snap is turning its smart glasses team into its own company,,Neutral,0.9997908473014832,The Verge
2026-02-02,OpenAI Partners with Major Government Contractor to ‘Transform Federal Operations’,,Neutral,0.9970705509185792,Gizmodo.com
2026-02-02,Prediction: 3 Popular Stocks Will Crash in 2026 When This Stock Market Bubble Bursts (Hint: Not Artificial Intelligence),,Neutral,0.9993913173675536,Yahoo Entertainment
2026-02-02,AI Luminaries Clash At Davos Over How Close Human-Level Intelligence Really Is,,Neutral,0.999904990196228,Slashdot.org
2026-02-03,Government by AI? Trump Admin Plans to Write Regulations Using Artificial Intelligence,,Neutral,0.9946807026863098,Gizmodo.com
2026-02-03,AI-Powered Disinformation Swarms Are Coming for Democracy,,Neutral,0.9813857674598694,Wired
2026-02-03,Games Workshop Rejects the Abominable Intelligence,,Neutral,0.9980352520942688,Gizmodo.com
2026-02-03,AI moves into the real world as companion robots and pets,,Neutral,0.9998825788497924,The Verge
2026-02-03,"At CES 2026, Everything Is AI. What Matters Is How You Use It",,Neutral,0.9991470575332642,Wired
2026-02-03,Google Gemini’s ‘Personal Intelligence’ Pulls from Your Search and YouTube History,,Neutral,0.9993808269500732,Gizmodo.com
2026-02-03,The CEO of $2 billion AI training startup says that humans will stay involved in data creation for decades,,Neutral,0.9850769639015198,Business Insider
2026-02-03,The AI Power List,,Neutral,0.9263315200805664,Business Insider
2026-02-03,Apple strikes deal with Google's Gemini to power Siri's AI capabilities,,Positive,0.9802984595298768,Business Insider
2026-02-03,"The Top 3 Artificial Intelligence (AI) Chip Stocks to Buy With $50,000 in 2026",,Neutral,0.999525547027588,Yahoo Entertainment
2026-02-03,This Stock Is Quietly Becoming a Cornerstone of the Artificial Intelligence Boom,,Neutral,0.9978132247924804,Yahoo Entertainment
2026-02-03,2 Artificial Intelligence Stocks to Buy in 2026 That Could Be Better Picks Than Nvidia,,Neutral,0.9993916749954224,Yahoo Entertainment
2026-02-03,Will 2026 Be the Year That the AI Industry Stops Crowing About ‘AGI’?,,Neutral,0.9996135830879213,Gizmodo.com
2026-02-03,"To keep AI out of her classroom, this high school English teacher went analog",,Neutral,0.9999456405639648,NPR
2026-02-03,Taiwan is reworking its ground forces. It could unlock new ways of fighting with new tech.,,Positive,0.9999382495880128,Business Insider
2026-02-03,British Police Used Microsoft Copilot for Faulty Report That Led to Ban on Soccer Team Fans,,Neutral,0.9991263747215272,Gizmodo.com
2026-02-03,Snap is turning its smart glasses team into its own company,,Neutral,0.9997908473014832,The Verge
2026-02-03,OpenAI Partners with Major Government Contractor to ‘Transform Federal Operations’,,Neutral,0.9970705509185792,Gizmodo.com
2026-02-03,Prediction: 3 Popular Stocks Will Crash in 2026 When This Stock Market Bubble Bursts (Hint: Not Artificial Intelligence),,Neutral,0.9993913173675536,Yahoo Entertainment
2026-02-03,AI Luminaries Clash At Davos Over How Close Human-Level Intelligence Really Is,,Neutral,0.999904990196228,Slashdot.org
2026-02-04,Government by AI? Trump Admin Plans to Write Regulations Using Artificial Intelligence,,Neutral,0.9946807026863098,Gizmodo.com
2026-02-04,AI-Powered Disinformation Swarms Are Coming for Democracy,,Neutral,0.9813857674598694,Wired
2026-02-04,Games Workshop Rejects the Abominable Intelligence,,Neutral,0.9980352520942688,Gizmodo.com
2026-02-04,AI moves into the real world as companion robots and pets,,Neutral,0.9998825788497924,The Verge
2026-02-04,"At CES 2026, Everything Is AI. What Matters Is How You Use It",,Neutral,0.9991470575332642,Wired
2026-02-04,Google Gemini’s ‘Personal Intelligence’ Pulls from Your Search and YouTube History,,Neutral,0.9993808269500732,Gizmodo.com
2026-02-04,My Top Artificial Intelligence (AI) Stocks to Buy in 2026,,Neutral,0.9990531802177428,Yahoo Entertainment
2026-02-04,Artificial Intelligence helps fuel new energy sources,,Positive,0.9999619722366332,Fox News
2026-02-04,The CEO of $2 billion AI training startup says that humans will stay involved in data creation for decades,,Neutral,0.9850769639015198,Business Insider
2026-02-04,The AI Power List,,Neutral,0.9263315200805664,Business Insider
2026-02-04,Apple strikes deal with Google's Gemini to power Siri's AI capabilities,,Positive,0.9802984595298768,Business Insider
2026-02-04,"The Top 3 Artificial Intelligence (AI) Chip Stocks to Buy With $50,000 in 2026",,Neutral,0.999525547027588,Yahoo Entertainment
2026-02-04,2 Artificial Intelligence Stocks to Buy in 2026 That Could Be Better Picks Than Nvidia,,Neutral,0.9993916749954224,Yahoo Entertainment
2026-02-04,This Stock Is Quietly Becoming a Cornerstone of the Artificial Intelligence Boom,,Neutral,0.9978132247924804,Yahoo Entertainment
2026-02-04,Will 2026 Be the Year That the AI Industry Stops Crowing About ‘AGI’?,,Neutral,0.9996135830879213,Gizmodo.com
2026-02-04,"To keep AI out of her classroom, this high school English teacher went analog",,Neutral,0.9999456405639648,NPR
2026-02-04,Taiwan is reworking its ground forces. It could unlock new ways of fighting with new tech.,,Positive,0.9999382495880128,Business Insider
2026-02-04,British Police Used Microsoft Copilot for Faulty Report That Led to Ban on Soccer Team Fans,,Neutral,0.9991263747215272,Gizmodo.com
2026-02-04,Snap is turning its smart glasses team into its own company,,Neutral,0.9997908473014832,The Verge
2026-02-04,OpenAI Partners with Major Government Contractor to ‘Transform Federal Operations’,,Neutral,0.9970705509185792,Gizmodo.com
2026-02-05,Government by AI? Trump Admin Plans to Write Regulations Using Artificial Intelligence,,Neutral,0.9946807026863098,Gizmodo.com
2026-02-05,AI-Powered Disinformation Swarms Are Coming for Democracy,,Neutral,0.9813857674598694,Wired
2026-02-05,Games Workshop Rejects the Abominable Intelligence,,Neutral,0.9980352520942688,Gizmodo.com
2026-02-05,AI moves into the real world as companion robots and pets,,Neutral,0.9998825788497924,The Verge
2026-02-05,"At CES 2026, Everything Is AI. What Matters Is How You Use It",,Neutral,0.9991470575332642,Wired
2026-02-05,Google Gemini’s ‘Personal Intelligence’ Pulls from Your Search and YouTube History,,Neutral,0.9993808269500732,Gizmodo.com
2026-02-05,My Top Artificial Intelligence (AI) Stocks to Buy in 2026,,Neutral,0.9990531802177428,Yahoo Entertainment
2026-02-05,Artificial Intelligence helps fuel new energy sources,,Positive,0.9999619722366332,Fox News
2026-02-05,The CEO of $2 billion AI training startup says that humans will stay involved in data creation for decades,,Neutral,0.9850769639015198,Business Insider
2026-02-05,The AI Power List,,Neutral,0.9263315200805664,Business Insider
2026-02-05,Apple strikes deal with Google's Gemini to power Siri's AI capabilities,,Positive,0.9802984595298768,Business Insider
2026-02-05,"The Top 3 Artificial Intelligence (AI) Chip Stocks to Buy With $50,000 in 2026",,Neutral,0.999525547027588,Yahoo Entertainment
2026-02-05,2 Artificial Intelligence Stocks to Buy in 2026 That Could Be Better Picks Than Nvidia,,Neutral,0.9993916749954224,Yahoo Entertainment
2026-02-05,Prediction: This Artificial Intelligence (AI) Infrastructure Stock Will Go Parabolic on Feb. 5,,Neutral,0.9930764436721802,Yahoo Entertainment
2026-02-05,This Stock Is Quietly Becoming a Cornerstone of the Artificial Intelligence Boom,,Neutral,0.9978132247924804,Yahoo Entertainment
2026-02-05,Will 2026 Be the Year That the AI Industry Stops Crowing About ‘AGI’?,,Neutral,0.9996135830879213,Gizmodo.com
2026-02-05,"To keep AI out of her classroom, this high school English teacher went analog",,Neutral,0.9999456405639648,NPR
2026-02-05,Taiwan is reworking its ground forces. It could unlock new ways of fighting with new tech.,,Positive,0.9999382495880128,Business Insider
2026-02-05,British Police Used Microsoft Copilot for Faulty Report That Led to Ban on Soccer Team Fans,,Neutral,0.9991263747215272,Gizmodo.com
2026-02-05,Snap is turning its smart glasses team into its own company,,Neutral,0.9997908473014832,The Verge
2026-02-06,Government by AI? Trump Admin Plans to Write Regulations Using Artificial Intelligence,,Neutral,0.9946807026863098,Gizmodo.com
2026-02-06,AI-Powered Disinformation Swarms Are Coming for Democracy,,Neutral,0.9813857674598694,Wired
2026-02-06,Games Workshop Rejects the Abominable Intelligence,,Neutral,0.9980352520942688,Gizmodo.com
2026-02-06,AI moves into the real world as companion robots and pets,,Neutral,0.9998825788497924,The Verge
2026-02-06,"At CES 2026, Everything Is AI. What Matters Is How You Use It",,Neutral,0.9991470575332642,Wired
2026-02-06,Google Gemini’s ‘Personal Intelligence’ Pulls from Your Search and YouTube History,,Neutral,0.9993808269500732,Gizmodo.com
2026-02-06,My Top Artificial Intelligence (AI) Stocks to Buy in 2026,,Neutral,0.9990531802177428,Yahoo Entertainment
2026-02-06,Artificial Intelligence helps fuel new energy sources,,Positive,0.9999619722366332,Fox News
2026-02-06,HHS Is Making an AI Tool to Create Hypotheses About Vaccine Injury Claims,,Neutral,0.9668959975242616,Wired
2026-02-06,The CEO of $2 billion AI training startup says that humans will stay involved in data creation for decades,,Neutral,0.9850769639015198,Business Insider
2026-02-06,The AI Power List,,Neutral,0.9263315200805664,Business Insider
2026-02-06,Apple strikes deal with Google's Gemini to power Siri's AI capabilities,,Positive,0.9802984595298768,Business Insider
2026-02-06,"The Top 3 Artificial Intelligence (AI) Chip Stocks to Buy With $50,000 in 2026",,Neutral,0.999525547027588,Yahoo Entertainment
2026-02-06,Will 2026 Be the Year That the AI Industry Stops Crowing About ‘AGI’?,,Neutral,0.9996135830879213,Gizmodo.com
2026-02-06,This Stock Is Quietly Becoming a Cornerstone of the Artificial Intelligence Boom,,Neutral,0.9978132247924804,Yahoo Entertainment
2026-02-06,2 Artificial Intelligence Stocks to Buy in 2026 That Could Be Better Picks Than Nvidia,,Neutral,0.9993916749954224,Yahoo Entertainment
2026-02-06,Prediction: This Artificial Intelligence (AI) Infrastructure Stock Will Go Parabolic on Feb. 5,,Neutral,0.9930764436721802,Yahoo Entertainment
2026-02-06,"To keep AI out of her classroom, this high school English teacher went analog",,Neutral,0.9999456405639648,NPR
2026-02-06,Taiwan is reworking its ground forces. It could unlock new ways of fighting with new tech.,,Positive,0.9999382495880128,Business Insider
2026-02-06,British Police Used Microsoft Copilot for Faulty Report That Led to Ban on Soccer Team Fans,,Neutral,0.9991263747215272,Gizmodo.com
2026-02-07,Government by AI? Trump Admin Plans to Write Regulations Using Artificial Intelligence,,Neutral,0.9946807026863098,Gizmodo.com
2026-02-07,AI-Powered Disinformation Swarms Are Coming for Democracy,,Neutral,0.9813857674598694,Wired
2026-02-07,Games Workshop Rejects the Abominable Intelligence,,Neutral,0.9980352520942688,Gizmodo.com
2026-02-07,AI moves into the real world as companion robots and pets,,Neutral,0.9998825788497924,The Verge
2026-02-07,Google Gemini’s ‘Personal Intelligence’ Pulls from Your Search and YouTube History,,Neutral,0.9993808269500732,Gizmodo.com
2026-02-07,My Top Artificial Intelligence (AI) Stocks to Buy in 2026,,Neutral,0.9990531802177428,Yahoo Entertainment
2026-02-07,Artificial Intelligence helps fuel new energy sources,,Positive,0.9999619722366332,Fox News
2026-02-07,HHS Is Making an AI Tool to Create Hypotheses About Vaccine Injury Claims,,Neutral,0.9668959975242616,Wired
2026-02-07,The AI Power List,,Neutral,0.9263315200805664,Business Insider
2026-02-07,Apple strikes deal with Google's Gemini to power Siri's AI capabilities,,Positive,0.9802984595298768,Business Insider
2026-02-07,"The Top 3 Artificial Intelligence (AI) Chip Stocks to Buy With $50,000 in 2026",,Neutral,0.999525547027588,Yahoo Entertainment
2026-02-07,Will 2026 Be the Year That the AI Industry Stops Crowing About ‘AGI’?,,Neutral,0.9996135830879213,Gizmodo.com
2026-02-07,This Stock Is Quietly Becoming a Cornerstone of the Artificial Intelligence Boom,,Neutral,0.9978132247924804,Yahoo Entertainment
2026-02-07,2 Artificial Intelligence Stocks to Buy in 2026 That Could Be Better Picks Than Nvidia,,Neutral,0.9993916749954224,Yahoo Entertainment
2026-02-07,Prediction: This Artificial Intelligence (AI) Infrastructure Stock Will Go Parabolic on Feb. 5,,Neutral,0.9930764436721802,Yahoo Entertainment
2026-02-07,"To keep AI out of her classroom, this high school English teacher went analog",,Neutral,0.9999456405639648,NPR
2026-02-07,Taiwan is reworking its ground forces. It could unlock new ways of fighting with new tech.,,Positive,0.9999382495880128,Business Insider
2026-02-07,British Police Used Microsoft Copilot for Faulty Report That Led to Ban on Soccer Team Fans,,Neutral,0.9991263747215272,Gizmodo.com
2026-02-07,Snap is turning its smart glasses team into its own company,,Neutral,0.9997908473014832,The Verge
2026-02-07,OpenAI Partners with Major Government Contractor to ‘Transform Federal Operations’,,Neutral,0.9970705509185792,Gizmodo.com
2026-02-08,Government by AI? Trump Admin Plans to Write Regulations Using Artificial Intelligence,,Neutral,0.9946807026863098,Gizmodo.com
2026-02-08,AI-Powered Disinformation Swarms Are Coming for Democracy,,Neutral,0.9813857674598694,Wired
2026-02-08,Games Workshop Rejects the Abominable Intelligence,,Neutral,0.9980352520942688,Gizmodo.com
2026-02-08,Google Gemini’s ‘Personal Intelligence’ Pulls from Your Search and YouTube History,,Neutral,0.9993808269500732,Gizmodo.com
2026-02-08,My Top Artificial Intelligence (AI) Stocks to Buy in 2026,,Neutral,0.9990531802177428,Yahoo Entertainment
2026-02-08,Artificial Intelligence helps fuel new energy sources,,Positive,0.9999619722366332,Fox News
2026-02-08,HHS Is Making an AI Tool to Create Hypotheses About Vaccine Injury Claims,,Neutral,0.9668959975242616,Wired
2026-02-08,Apple strikes deal with Google's Gemini to power Siri's AI capabilities,,Positive,0.9802984595298768,Business Insider
2026-02-08,"The Top 3 Artificial Intelligence (AI) Chip Stocks to Buy With $50,000 in 2026",,Neutral,0.999525547027588,Yahoo Entertainment
2026-02-08,Will 2026 Be the Year That the AI Industry Stops Crowing About ‘AGI’?,,Neutral,0.9996135830879213,Gizmodo.com
2026-02-08,This Stock Is Quietly Becoming a Cornerstone of the Artificial Intelligence Boom,,Neutral,0.9978132247924804,Yahoo Entertainment
2026-02-08,2 Artificial Intelligence Stocks to Buy in 2026 That Could Be Better Picks Than Nvidia,,Neutral,0.9993916749954224,Yahoo Entertainment
2026-02-08,Prediction: This Artificial Intelligence (AI) Infrastructure Stock Will Go Parabolic on Feb. 5,,Neutral,0.9930764436721802,Yahoo Entertainment
2026-02-08,"To keep AI out of her classroom, this high school English teacher went analog",,Neutral,0.9999456405639648,NPR
2026-02-08,Taiwan is reworking its ground forces. It could unlock new ways of fighting with new tech.,,Positive,0.9999382495880128,Business Insider
2026-02-08,British Police Used Microsoft Copilot for Faulty Report That Led to Ban on Soccer Team Fans,,Neutral,0.9991263747215272,Gizmodo.com
2026-02-08,Snap is turning its smart glasses team into its own company,,Neutral,0.9997908473014832,The Verge
2026-02-08,OpenAI Partners with Major Government Contractor to ‘Transform Federal Operations’,,Neutral,0.9970705509185792,Gizmodo.com
2026-02-08,Prediction: 3 Popular Stocks Will Crash in 2026 When This Stock Market Bubble Bursts (Hint: Not Artificial Intelligence),,Neutral,0.9993913173675536,Yahoo Entertainment
2026-02-08,Prediction: This Artificial Intelligence (AI) Stock Will Be Worth More Than Micron By the End of Next Year,,Neutral,0.9675747752189636,Yahoo Entertainment
2026-02-09,Government by AI? Trump Admin Plans to Write Regulations Using Artificial Intelligence,,Neutral,0.9946807026863098,Gizmodo.com
2026-02-09,AI-Powered Disinformation Swarms Are Coming for Democracy,,Neutral,0.9813857674598694,Wired
2026-02-09,Games Workshop Rejects the Abominable Intelligence,,Neutral,0.9980352520942688,Gizmodo.com
2026-02-09,Google Gemini’s ‘Personal Intelligence’ Pulls from Your Search and YouTube History,,Neutral,0.9993808269500732,Gizmodo.com
2026-02-09,My Top Artificial Intelligence (AI) Stocks to Buy in 2026,,Neutral,0.9990531802177428,Yahoo Entertainment
2026-02-09,Artificial Intelligence helps fuel new energy sources,,Positive,0.9999619722366332,Fox News
2026-02-09,The Technologies Changing How You’ll Watch the 2026 Winter Olympic Games,,Neutral,0.9997362494468688,Wired
2026-02-09,HHS Is Making an AI Tool to Create Hypotheses About Vaccine Injury Claims,,Neutral,0.9668959975242616,Wired
2026-02-09,Apple strikes deal with Google's Gemini to power Siri's AI capabilities,,Positive,0.9802984595298768,Business Insider
2026-02-09,"The Top 3 Artificial Intelligence (AI) Chip Stocks to Buy With $50,000 in 2026",,Neutral,0.999525547027588,Yahoo Entertainment
2026-02-09,This Stock Is Quietly Becoming a Cornerstone of the Artificial Intelligence Boom,,Neutral,0.9978132247924804,Yahoo Entertainment
2026-02-09,2 Artificial Intelligence Stocks to Buy in 2026 That Could Be Better Picks Than Nvidia,,Neutral,0.9993916749954224,Yahoo Entertainment
2026-02-09,Prediction: This Artificial Intelligence (AI) Infrastructure Stock Will Go Parabolic on Feb. 5,,Neutral,0.9930764436721802,Yahoo Entertainment
2026-02-09,"To keep AI out of her classroom, this high school English teacher went analog",,Neutral,0.9999456405639648,NPR
2026-02-09,Taiwan is reworking its ground forces. It could unlock new ways of fighting with new tech.,,Positive,0.9999382495880128,Business Insider
2026-02-09,British Police Used Microsoft Copilot for Faulty Report That Led to Ban on Soccer Team Fans,,Neutral,0.9991263747215272,Gizmodo.com
2026-02-09,Snap is turning its smart glasses team into its own company,,Neutral,0.9997908473014832,The Verge
2026-02-09,OpenAI Partners with Major Government Contractor to ‘Transform Federal Operations’,,Neutral,0.9970705509185792,Gizmodo.com
2026-02-09,Prediction: 3 Popular Stocks Will Crash in 2026 When This Stock Market Bubble Bursts (Hint: Not Artificial Intelligence),,Neutral,0.9993913173675536,Yahoo Entertainment
2026-02-09,Prediction: This Artificial Intelligence (AI) Stock Will Be Worth More Than Micron By the End of Next Year,,Neutral,0.9675747752189636,Yahoo Entertainment
2026-02-10,Government by AI? Trump Admin Plans to Write Regulations Using Artificial Intelligence,,Neutral,0.9946807026863098,Gizmodo.com
2026-02-10,AI-Powered Disinformation Swarms Are Coming for Democracy,,Neutral,0.9813857674598694,Wired
2026-02-10,Games Workshop Rejects the Abominable Intelligence,,Neutral,0.9980352520942688,Gizmodo.com
2026-02-10,New York is considering two bills to rein in the AI industry,,Neutral,0.9981293082237244,The Verge
2026-02-10,Google Gemini’s ‘Personal Intelligence’ Pulls from Your Search and YouTube History,,Neutral,0.9993808269500732,Gizmodo.com
2026-02-10,My Top Artificial Intelligence (AI) Stocks to Buy in 2026,,Neutral,0.9990531802177428,Yahoo Entertainment
2026-02-10,Artificial Intelligence helps fuel new energy sources,,Positive,0.9999619722366332,Fox News
2026-02-10,The Technologies Changing How You’ll Watch the 2026 Winter Olympic Games,,Neutral,0.9997362494468688,Wired
2026-02-10,HHS Is Making an AI Tool to Create Hypotheses About Vaccine Injury Claims,,Neutral,0.9668959975242616,Wired
2026-02-10,Apple strikes deal with Google's Gemini to power Siri's AI capabilities,,Positive,0.9802984595298768,Business Insider
2026-02-10,"The Top 3 Artificial Intelligence (AI) Chip Stocks to Buy With $50,000 in 2026",,Neutral,0.999525547027588,Yahoo Entertainment
2026-02-10,This Stock Is Quietly Becoming a Cornerstone of the Artificial Intelligence Boom,,Neutral,0.9978132247924804,Yahoo Entertainment
2026-02-10,2 Artificial Intelligence Stocks to Buy in 2026 That Could Be Better Picks Than Nvidia,,Neutral,0.9993916749954224,Yahoo Entertainment
2026-02-10,Prediction: This Artificial Intelligence (AI) Infrastructure Stock Will Go Parabolic on Feb. 5,,Neutral,0.9930764436721802,Yahoo Entertainment
2026-02-10,"To keep AI out of her classroom, this high school English teacher went analog",,Neutral,0.9999456405639648,NPR
2026-02-10,US companies accused of ‘AI washing’ in citing artificial intelligence for job losses,,Negative,0.96607768535614,Yahoo Entertainment
2026-02-10,Taiwan is reworking its ground forces. It could unlock new ways of fighting with new tech.,,Positive,0.9999382495880128,Business Insider
2026-02-10,British Police Used Microsoft Copilot for Faulty Report That Led to Ban on Soccer Team Fans,,Neutral,0.9991263747215272,Gizmodo.com
2026-02-10,Snap is turning its smart glasses team into its own company,,Neutral,0.9997908473014832,The Verge
2026-02-10,OpenAI Partners with Major Government Contractor to ‘Transform Federal Operations’,,Neutral,0.9970705509185792,Gizmodo.com
2026-02-11,Government by AI? Trump Admin Plans to Write Regulations Using Artificial Intelligence,,Neutral,0.9946807026863098,Gizmodo.com
2026-02-11,AI-Powered Disinformation Swarms Are Coming for Democracy,,Neutral,0.9813857674598694,Wired
2026-02-11,Games Workshop Rejects the Abominable Intelligence,,Neutral,0.9980352520942688,Gizmodo.com
2026-02-11,New York is considering two bills to rein in the AI industry,,Neutral,0.9981293082237244,The Verge
2026-02-11,Google Gemini’s ‘Personal Intelligence’ Pulls from Your Search and YouTube History,,Neutral,0.9993808269500732,Gizmodo.com
2026-02-11,My Top Artificial Intelligence (AI) Stocks to Buy in 2026,,Neutral,0.9990531802177428,Yahoo Entertainment
2026-02-11,Artificial Intelligence helps fuel new energy sources,,Positive,0.9999619722366332,Fox News
2026-02-11,AI Is Here to Replace Nuclear Treaties. Scared Yet?,,Neutral,0.8964636325836182,Wired
2026-02-11,The Technologies Changing How You’ll Watch the 2026 Winter Olympic Games,,Neutral,0.9997362494468688,Wired
2026-02-11,HHS Is Making an AI Tool to Create Hypotheses About Vaccine Injury Claims,,Neutral,0.9668959975242616,Wired
2026-02-11,Apple strikes deal with Google's Gemini to power Siri's AI capabilities,,Positive,0.9802984595298768,Business Insider
2026-02-11,"The Top 3 Artificial Intelligence (AI) Chip Stocks to Buy With $50,000 in 2026",,Neutral,0.999525547027588,Yahoo Entertainment
2026-02-11,This Stock Is Quietly Becoming a Cornerstone of the Artificial Intelligence Boom,,Neutral,0.9978132247924804,Yahoo Entertainment
2026-02-11,2 Artificial Intelligence Stocks to Buy in 2026 That Could Be Better Picks Than Nvidia,,Neutral,0.9993916749954224,Yahoo Entertainment
2026-02-11,Prediction: This Artificial Intelligence (AI) Infrastructure Stock Will Go Parabolic on Feb. 5,,Neutral,0.9930764436721802,Yahoo Entertainment
2026-02-11,"To keep AI out of her classroom, this high school English teacher went analog",,Neutral,0.9999456405639648,NPR
2026-02-11,Taiwan is reworking its ground forces. It could unlock new ways of fighting with new tech.,,Positive,0.9999382495880128,Business Insider
2026-02-11,US companies accused of ‘AI washing’ in citing artificial intelligence for job losses,,Negative,0.96607768535614,Yahoo Entertainment
2026-02-11,British Police Used Microsoft Copilot for Faulty Report That Led to Ban on Soccer Team Fans,,Neutral,0.9991263747215272,Gizmodo.com
2026-02-11,Snap is turning its smart glasses team into its own company,,Neutral,0.9997908473014832,The Verge
2026-02-12,Government by AI? Trump Admin Plans to Write Regulations Using Artificial Intelligence,,Neutral,0.9946807026863098,Gizmodo.com
2026-02-12,AI-Powered Disinformation Swarms Are Coming for Democracy,,Neutral,0.9813857674598694,Wired
2026-02-12,Games Workshop Rejects the Abominable Intelligence,,Neutral,0.9980352520942688,Gizmodo.com
2026-02-12,New York is considering two bills to rein in the AI industry,,Neutral,0.9981293082237244,The Verge
2026-02-12,Google Gemini’s ‘Personal Intelligence’ Pulls from Your Search and YouTube History,,Neutral,0.9993808269500732,Gizmodo.com
2026-02-12,My Top Artificial Intelligence (AI) Stocks to Buy in 2026,,Neutral,0.9990531802177428,Yahoo Entertainment
2026-02-12,Macron urges Europe to start acting like world power,,Neutral,0.9980243444442748,BBC News
2026-02-12,Artificial Intelligence helps fuel new energy sources,,Positive,0.9999619722366332,Fox News
2026-02-12,AI Is Here to Replace Nuclear Treaties. Scared Yet?,,Neutral,0.8964636325836182,Wired
2026-02-12,The Technologies Changing How You’ll Watch the 2026 Winter Olympic Games,,Neutral,0.9997362494468688,Wired
2026-02-12,HHS Is Making an AI Tool to Create Hypotheses About Vaccine Injury Claims,,Neutral,0.9668959975242616,Wired
2026-02-12,Apple strikes deal with Google's Gemini to power Siri's AI capabilities,,Positive,0.9802984595298768,Business Insider
2026-02-12,"The Top 3 Artificial Intelligence (AI) Chip Stocks to Buy With $50,000 in 2026",,Neutral,0.999525547027588,Yahoo Entertainment
2026-02-12,This Stock Is Quietly Becoming a Cornerstone of the Artificial Intelligence Boom,,Neutral,0.9978132247924804,Yahoo Entertainment
2026-02-12,2 Artificial Intelligence Stocks to Buy in 2026 That Could Be Better Picks Than Nvidia,,Neutral,0.9993916749954224,Yahoo Entertainment
2026-02-12,Prediction: This Artificial Intelligence (AI) Infrastructure Stock Will Go Parabolic on Feb. 5,,Neutral,0.9930764436721802,Yahoo Entertainment
2026-02-12,"To keep AI out of her classroom, this high school English teacher went analog",,Neutral,0.9999456405639648,NPR
2026-02-12,Taiwan is reworking its ground forces. It could unlock new ways of fighting with new tech.,,Positive,0.9999382495880128,Business Insider
2026-02-12,US companies accused of ‘AI washing’ in citing artificial intelligence for job losses,,Negative,0.96607768535614,Yahoo Entertainment
2026-02-12,British Police Used Microsoft Copilot for Faulty Report That Led to Ban on Soccer Team Fans,,Neutral,0.9991263747215272,Gizmodo.com
2026-02-13,Government by AI? Trump Admin Plans to Write Regulations Using Artificial Intelligence,,Neutral,0.9946807026863098,Gizmodo.com
2026-02-13,AI-Powered Disinformation Swarms Are Coming for Democracy,,Neutral,0.9813857674598694,Wired
2026-02-13,Games Workshop Rejects the Abominable Intelligence,,Neutral,0.9980352520942688,Gizmodo.com
2026-02-13,New York is considering two bills to rein in the AI industry,,Neutral,0.9981293082237244,The Verge
2026-02-13,Google Gemini’s ‘Personal Intelligence’ Pulls from Your Search and YouTube History,,Neutral,0.9993808269500732,Gizmodo.com
2026-02-13,My Top Artificial Intelligence (AI) Stocks to Buy in 2026,,Neutral,0.9990531802177428,Yahoo Entertainment
2026-02-13,Macron urges Europe to start acting like world power,,Neutral,0.9980243444442748,BBC News
2026-02-13,Artificial Intelligence helps fuel new energy sources,,Positive,0.9999619722366332,Fox News
2026-02-13,AI Is Here to Replace Nuclear Treaties. Scared Yet?,,Neutral,0.8964636325836182,Wired
2026-02-13,The Technologies Changing How You’ll Watch the 2026 Winter Olympic Games,,Neutral,0.9997362494468688,Wired
2026-02-13,HHS Is Making an AI Tool to Create Hypotheses About Vaccine Injury Claims,,Neutral,0.9668959975242616,Wired
2026-02-13,Apple strikes deal with Google's Gemini to power Siri's AI capabilities,,Positive,0.9802984595298768,Business Insider
2026-02-13,"The Top 3 Artificial Intelligence (AI) Chip Stocks to Buy With $50,000 in 2026",,Neutral,0.999525547027588,Yahoo Entertainment
2026-02-13,This Stock Is Quietly Becoming a Cornerstone of the Artificial Intelligence Boom,,Neutral,0.9978132247924804,Yahoo Entertainment
2026-02-13,2 Artificial Intelligence Stocks to Buy in 2026 That Could Be Better Picks Than Nvidia,,Neutral,0.9993916749954224,Yahoo Entertainment
2026-02-13,Prediction: This Artificial Intelligence (AI) Infrastructure Stock Will Go Parabolic on Feb. 5,,Neutral,0.9930764436721802,Yahoo Entertainment
2026-02-13,"To keep AI out of her classroom, this high school English teacher went analog",,Neutral,0.9999456405639648,NPR
2026-02-13,Taiwan is reworking its ground forces. It could unlock new ways of fighting with new tech.,,Positive,0.9999382495880128,Business Insider
2026-02-13,US companies accused of ‘AI washing’ in citing artificial intelligence for job losses,,Negative,0.96607768535614,Yahoo Entertainment
2026-02-13,British Police Used Microsoft Copilot for Faulty Report That Led to Ban on Soccer Team Fans,,Neutral,0.9991263747215272,Gizmodo.com
2026-02-14,Government by AI? Trump Admin Plans to Write Regulations Using Artificial Intelligence,,Neutral,0.9946807026863098,Gizmodo.com
2026-02-14,AI-Powered Disinformation Swarms Are Coming for Democracy,,Neutral,0.9813857674598694,Wired
2026-02-14,Games Workshop Rejects the Abominable Intelligence,,Neutral,0.9980352520942688,Gizmodo.com
2026-02-14,New York is considering two bills to rein in the AI industry,,Neutral,0.9981293082237244,The Verge
2026-02-14,Google Gemini’s ‘Personal Intelligence’ Pulls from Your Search and YouTube History,,Neutral,0.9993808269500732,Gizmodo.com
2026-02-14,My Top Artificial Intelligence (AI) Stocks to Buy in 2026,,Neutral,0.9990531802177428,Yahoo Entertainment
2026-02-14,Macron urges Europe to start acting like world power,,Neutral,0.9980243444442748,BBC News
2026-02-14,Artificial Intelligence helps fuel new energy sources,,Positive,0.9999619722366332,Fox News
2026-02-14,AI Is Here to Replace Nuclear Treaties. Scared Yet?,,Neutral,0.8964636325836182,Wired
2026-02-14,The Technologies Changing How You’ll Watch the 2026 Winter Olympic Games,,Neutral,0.9997362494468688,Wired
2026-02-14,HHS Is Making an AI Tool to Create Hypotheses About Vaccine Injury Claims,,Neutral,0.9668959975242616,Wired
2026-02-14,The Pentagon Wants to Raw Dog the Latest AI Models on Classified Systems,,Neutral,0.998993456363678,Gizmodo.com
2026-02-14,"The Top 3 Artificial Intelligence (AI) Chip Stocks to Buy With $50,000 in 2026",,Neutral,0.999525547027588,Yahoo Entertainment
2026-02-14,This Stock Is Quietly Becoming a Cornerstone of the Artificial Intelligence Boom,,Neutral,0.9978132247924804,Yahoo Entertainment
2026-02-14,2 Artificial Intelligence Stocks to Buy in 2026 That Could Be Better Picks Than Nvidia,,Neutral,0.9993916749954224,Yahoo Entertainment
2026-02-14,Prediction: This Artificial Intelligence (AI) Infrastructure Stock Will Go Parabolic on Feb. 5,,Neutral,0.9930764436721802,Yahoo Entertainment
2026-02-14,"To keep AI out of her classroom, this high school English teacher went analog",,Neutral,0.9999456405639648,NPR
2026-02-14,Taiwan is reworking its ground forces. It could unlock new ways of fighting with new tech.,,Positive,0.9999382495880128,Business Insider
2026-02-14,US companies accused of ‘AI washing’ in citing artificial intelligence for job losses,,Negative,0.96607768535614,Yahoo Entertainment
2026-02-14,2 No-Brainer Artificial Intelligence (AI) Stocks to Buy Hand Over Fist in February,,Neutral,0.999030590057373,Yahoo Entertainment
2026-02-15,Government by AI? Trump Admin Plans to Write Regulations Using Artificial Intelligence,,Neutral,0.9946807026863098,Gizmodo.com
2026-02-15,AI-Powered Disinformation Swarms Are Coming for Democracy,,Neutral,0.9813857674598694,Wired
2026-02-15,New York is considering two bills to rein in the AI industry,,Neutral,0.9981293082237244,The Verge
2026-02-15,Google Gemini’s ‘Personal Intelligence’ Pulls from Your Search and YouTube History,,Neutral,0.9993808269500732,Gizmodo.com
2026-02-15,My Top Artificial Intelligence (AI) Stocks to Buy in 2026,,Neutral,0.9990531802177428,Yahoo Entertainment
2026-02-15,Macron urges Europe to start acting like world power,,Neutral,0.9980243444442748,BBC News
2026-02-15,Artificial Intelligence helps fuel new energy sources,,Positive,0.9999619722366332,Fox News
2026-02-15,AI Is Here to Replace Nuclear Treaties. Scared Yet?,,Neutral,0.8964636325836182,Wired
2026-02-15,The Technologies Changing How You’ll Watch the 2026 Winter Olympic Games,,Neutral,0.9997362494468688,Wired
2026-02-15,HHS Is Making an AI Tool to Create Hypotheses About Vaccine Injury Claims,,Neutral,0.9668959975242616,Wired
2026-02-15,The Pentagon Wants to Raw Dog the Latest AI Models on Classified Systems,,Neutral,0.998993456363678,Gizmodo.com
2026-02-15,"The Top 3 Artificial Intelligence (AI) Chip Stocks to Buy With $50,000 in 2026",,Neutral,0.999525547027588,Yahoo Entertainment
2026-02-15,This Stock Is Quietly Becoming a Cornerstone of the Artificial Intelligence Boom,,Neutral,0.9978132247924804,Yahoo Entertainment
2026-02-15,2 Artificial Intelligence Stocks to Buy in 2026 That Could Be Better Picks Than Nvidia,,Neutral,0.9993916749954224,Yahoo Entertainment
2026-02-15,Prediction: This Artificial Intelligence (AI) Infrastructure Stock Will Go Parabolic on Feb. 5,,Neutral,0.9930764436721802,Yahoo Entertainment
2026-02-15,"To keep AI out of her classroom, this high school English teacher went analog",,Neutral,0.9999456405639648,NPR
2026-02-15,US companies accused of ‘AI washing’ in citing artificial intelligence for job losses,,Negative,0.96607768535614,Yahoo Entertainment
2026-02-15,Taiwan is reworking its ground forces. It could unlock new ways of fighting with new tech.,,Positive,0.9999382495880128,Business Insider
2026-02-15,2 No-Brainer Artificial Intelligence (AI) Stocks to Buy Hand Over Fist in February,,Neutral,0.999030590057373,Yahoo Entertainment
2026-02-15,US Army leaders say soldiers are drowning in so much battlefield data that AI is needed to make sense of it all,,Neutral,0.9990735054016112,Business Insider
2026-02-16,Government by AI? Trump Admin Plans to Write Regulations Using Artificial Intelligence,,Neutral,0.9946807026863098,Gizmodo.com
2026-02-16,AI-Powered Disinformation Swarms Are Coming for Democracy,,Neutral,0.9813857674598694,Wired
2026-02-16,New York is considering two bills to rein in the AI industry,,Neutral,0.9981293082237244,The Verge
2026-02-16,Google Gemini’s ‘Personal Intelligence’ Pulls from Your Search and YouTube History,,Neutral,0.9993808269500732,Gizmodo.com
2026-02-16,My Top Artificial Intelligence (AI) Stocks to Buy in 2026,,Neutral,0.9990531802177428,Yahoo Entertainment
2026-02-16,Macron urges Europe to start acting like world power,,Neutral,0.9980243444442748,BBC News
2026-02-16,Artificial Intelligence helps fuel new energy sources,,Positive,0.9999619722366332,Fox News
2026-02-16,AI Is Here to Replace Nuclear Treaties. Scared Yet?,,Neutral,0.8964636325836182,Wired
2026-02-16,The Technologies Changing How You’ll Watch the 2026 Winter Olympic Games,,Neutral,0.9997362494468688,Wired
2026-02-16,HHS Is Making an AI Tool to Create Hypotheses About Vaccine Injury Claims,,Neutral,0.9668959975242616,Wired
2026-02-16,The Pentagon Wants to Raw Dog the Latest AI Models on Classified Systems,,Neutral,0.998993456363678,Gizmodo.com
2026-02-16,"The Top 3 Artificial Intelligence (AI) Chip Stocks to Buy With $50,000 in 2026",,Neutral,0.999525547027588,Yahoo Entertainment
2026-02-16,This Stock Is Quietly Becoming a Cornerstone of the Artificial Intelligence Boom,,Neutral,0.9978132247924804,Yahoo Entertainment
2026-02-16,2 Artificial Intelligence Stocks to Buy in 2026 That Could Be Better Picks Than Nvidia,,Neutral,0.9993916749954224,Yahoo Entertainment
2026-02-16,Prediction: This Artificial Intelligence (AI) Infrastructure Stock Will Go Parabolic on Feb. 5,,Neutral,0.9930764436721802,Yahoo Entertainment
2026-02-16,"To keep AI out of her classroom, this high school English teacher went analog",,Neutral,0.9999456405639648,NPR
2026-02-16,2 No-Brainer Artificial Intelligence (AI) Stocks to Buy Hand Over Fist in February,,Neutral,0.999030590057373,Yahoo Entertainment
2026-02-16,US companies accused of ‘AI washing’ in citing artificial intelligence for job losses,,Negative,0.96607768535614,Yahoo Entertainment
2026-02-16,Taiwan is reworking its ground forces. It could unlock new ways of fighting with new tech.,,Positive,0.9999382495880128,Business Insider
2026-02-16,US Army leaders say soldiers are drowning in so much battlefield data that AI is needed to make sense of it all,,Neutral,0.9990735054016112,Business Insider
2026-02-17,Government by AI? Trump Admin Plans to Write Regulations Using Artificial Intelligence,,Neutral,0.9946807026863098,Gizmodo.com
2026-02-17,AI-Powered Disinformation Swarms Are Coming for Democracy,,Neutral,0.9813857674598694,Wired
2026-02-17,New York is considering two bills to rein in the AI industry,,Neutral,0.9981293082237244,The Verge
2026-02-17,My Top Artificial Intelligence (AI) Stocks to Buy in 2026,,Neutral,0.9990531802177428,Yahoo Entertainment
2026-02-17,Macron urges Europe to start acting like world power,,Neutral,0.9980243444442748,BBC News
2026-02-17,Artificial Intelligence helps fuel new energy sources,,Positive,0.9999619722366332,Fox News
2026-02-17,The Technologies Changing How You’ll Watch the 2026 Winter Olympic Games,,Neutral,0.9997362494468688,Wired
2026-02-17,AI Is Here to Replace Nuclear Treaties. Scared Yet?,,Neutral,0.8964636325836182,Wired
2026-02-17,HHS Is Making an AI Tool to Create Hypotheses About Vaccine Injury Claims,,Neutral,0.9668959975242616,Wired
2026-02-17,The Pentagon Wants to Raw Dog the Latest AI Models on Classified Systems,,Neutral,0.998993456363678,Gizmodo.com
2026-02-17,"The Top 3 Artificial Intelligence (AI) Chip Stocks to Buy With $50,000 in 2026",,Neutral,0.999525547027588,Yahoo Entertainment
2026-02-17,This Stock Is Quietly Becoming a Cornerstone of the Artificial Intelligence Boom,,Neutral,0.9978132247924804,Yahoo Entertainment
2026-02-17,2 Artificial Intelligence Stocks to Buy in 2026 That Could Be Better Picks Than Nvidia,,Neutral,0.9993916749954224,Yahoo Entertainment
2026-02-17,Prediction: This Artificial Intelligence (AI) Infrastructure Stock Will Go Parabolic on Feb. 5,,Neutral,0.9930764436721802,Yahoo Entertainment
2026-02-17,"To keep AI out of her classroom, this high school English teacher went analog",,Neutral,0.9999456405639648,NPR
2026-02-17,2 No-Brainer Artificial Intelligence (AI) Stocks to Buy Hand Over Fist in February,,Neutral,0.999030590057373,Yahoo Entertainment
2026-02-17,Taiwan is reworking its ground forces. It could unlock new ways of fighting with new tech.,,Positive,0.9999382495880128,Business Insider
2026-02-17,US companies accused of ‘AI washing’ in citing artificial intelligence for job losses,,Negative,0.96607768535614,Yahoo Entertainment
2026-02-17,US Army leaders say soldiers are drowning in so much battlefield data that AI is needed to make sense of it all,,Neutral,0.9990735054016112,Business Insider
2026-02-17,US Army leaders say soldiers are drowning in so much battlefield data that AI is needed to make sense of it all,,Neutral,0.9990735054016112,Business Insider
2026-02-18,Government by AI? Trump Admin Plans to Write Regulations Using Artificial Intelligence,,Neutral,0.9946807026863098,Gizmodo.com
2026-02-18,AI-Powered Disinformation Swarms Are Coming for Democracy,,Neutral,0.9813857674598694,Wired
2026-02-18,New York is considering two bills to rein in the AI industry,,Neutral,0.9981293082237244,The Verge
2026-02-18,My Top Artificial Intelligence (AI) Stocks to Buy in 2026,,Neutral,0.9990531802177428,Yahoo Entertainment
2026-02-18,Macron urges Europe to start acting like world power,,Neutral,0.9980243444442748,BBC News
2026-02-18,Artificial Intelligence helps fuel new energy sources,,Positive,0.9999619722366332,Fox News
2026-02-18,AI Is Here to Replace Nuclear Treaties. Scared Yet?,,Neutral,0.8964636325836182,Wired
2026-02-18,The Technologies Changing How You’ll Watch the 2026 Winter Olympic Games,,Neutral,0.9997362494468688,Wired
2026-02-18,HHS Is Making an AI Tool to Create Hypotheses About Vaccine Injury Claims,,Neutral,0.9668959975242616,Wired
2026-02-18,The Pentagon Wants to Raw Dog the Latest AI Models on Classified Systems,,Neutral,0.998993456363678,Gizmodo.com
2026-02-18,"The Top 3 Artificial Intelligence (AI) Chip Stocks to Buy With $50,000 in 2026",,Neutral,0.999525547027588,Yahoo Entertainment
2026-02-18,This Stock Is Quietly Becoming a Cornerstone of the Artificial Intelligence Boom,,Neutral,0.9978132247924804,Yahoo Entertainment
2026-02-18,2 Artificial Intelligence Stocks to Buy in 2026 That Could Be Better Picks Than Nvidia,,Neutral,0.9993916749954224,Yahoo Entertainment
2026-02-18,Prediction: This Artificial Intelligence (AI) Infrastructure Stock Will Go Parabolic on Feb. 5,,Neutral,0.9930764436721802,Yahoo Entertainment
2026-02-18,"To keep AI out of her classroom, this high school English teacher went analog",,Neutral,0.9999456405639648,NPR
2026-02-18,2 No-Brainer Artificial Intelligence (AI) Stocks to Buy Hand Over Fist in February,,Neutral,0.999030590057373,Yahoo Entertainment
2026-02-18,Taiwan is reworking its ground forces. It could unlock new ways of fighting with new tech.,,Positive,0.9999382495880128,Business Insider
2026-02-18,US companies accused of ‘AI washing’ in citing artificial intelligence for job losses,,Negative,0.96607768535614,Yahoo Entertainment
2026-02-18,US Army leaders say soldiers are drowning in so much battlefield data that AI is needed to make sense of it all,,Neutral,0.9990735054016112,Business Insider
2026-02-18,US Army leaders say soldiers are drowning in so much battlefield data that AI is needed to make sense of it all,,Neutral,0.9990735054016112,Business Insider
2026-02-19,Government by AI? Trump Admin Plans to Write Regulations Using Artificial Intelligence,,Neutral,0.9946807026863098,Gizmodo.com
2026-02-19,AI-Powered Disinformation Swarms Are Coming for Democracy,,Neutral,0.9813857674598694,Wired
2026-02-19,New York is considering two bills to rein in the AI industry,,Neutral,0.9981293082237244,The Verge
2026-02-19,My Top Artificial Intelligence (AI) Stocks to Buy in 2026,,Neutral,0.9990531802177429,Yahoo Entertainment
2026-02-19,Macron urges Europe to start acting like world power,,Neutral,0.9980243444442749,BBC News
2026-02-19,Artificial Intelligence helps fuel new energy sources,,Positive,0.9999619722366333,Fox News
2026-02-19,The Technologies Changing How You’ll Watch the 2026 Winter Olympic Games,,Neutral,0.9997362494468689,Wired
2026-02-19,AI Is Here to Replace Nuclear Treaties. Scared Yet?,,Neutral,0.8964636325836182,Wired
2026-02-19,HHS Is Making an AI Tool to Create Hypotheses About Vaccine Injury Claims,,Neutral,0.9668959975242615,Wired
2026-02-19,The Pentagon Wants to Raw Dog the Latest AI Models on Classified Systems,,Neutral,0.998993456363678,Gizmodo.com
2026-02-19,"The Top 3 Artificial Intelligence (AI) Chip Stocks to Buy With $50,000 in 2026",,Neutral,0.9995255470275879,Yahoo Entertainment
2026-02-19,This Stock Is Quietly Becoming a Cornerstone of the Artificial Intelligence Boom,,Neutral,0.9978132247924805,Yahoo Entertainment
2026-02-19,2 Artificial Intelligence Stocks to Buy in 2026 That Could Be Better Picks Than Nvidia,,Neutral,0.9993916749954224,Yahoo Entertainment
2026-02-19,Prediction: This Artificial Intelligence (AI) Infrastructure Stock Will Go Parabolic on Feb. 5,,Neutral,0.9930764436721802,Yahoo Entertainment
2026-02-19,"To keep AI out of her classroom, this high school English teacher went analog",,Neutral,0.9999456405639648,NPR
2026-02-19,2 No-Brainer Artificial Intelligence (AI) Stocks to Buy Hand Over Fist in February,,Neutral,0.999030590057373,Yahoo Entertainment
2026-02-19,Taiwan is reworking its ground forces. It could unlock new ways of fighting with new tech.,,Positive,0.9999382495880127,Business Insider
2026-02-19,US companies accused of ‘AI washing’ in citing artificial intelligence for job losses,,Negative,0.9660776853561401,Yahoo Entertainment
2026-02-19,US Army leaders say soldiers are drowning in so much battlefield data that AI is needed to make sense of it all,,Neutral,0.9990735054016113,Business Insider
2026-02-19,US Army leaders say soldiers are drowning in so much battlefield data that AI is needed to make sense of it all,,Neutral,0.9990735054016113,Business Insider
